{
    "version": "demo",
    "notes": "Public demo package for Colab exploration. No textured meshes or RGB images included.",
    "subjects": [
      {
        "id": "subject_0001",
        "neutral_mesh": "subject_0001/ast001_au0.obj",
        "landmarks_84": "subject_0001/ast001_au0.txt",
        "samples": [
          {"name": "au27", "mesh": "subject_0001/ast001_au27.obj", "type": "AU", "labels": ["AU27"], "landmarks_84": "subject_0001/ast001_au27.txt"}
        ]
      },
      {
        "id": "subject_0002",
        "neutral_mesh": "subject_0002/ast002_au0.obj",
        "landmarks_84": "subject_0002/ast002_au0.npy",
        "samples": [
          {"name": "happy", "mesh": "subject_0002/ast002_happy.obj", "type": "Emotion", "labels": ["happiness"], "landmarks_84": "subject_0002/ast002_happy.txt"}
        ]
      }
    ]
  }